id,user_id,username,title,content,created_at
1,1,admin,欢迎使用博客系统,"# 欢迎

这是第一篇文章。

## 功能介绍

- 支持 Markdown 格式
- 支持图片上传
- 支持评论功能",2026-01-01 10:00:00
2,2,leeson,Markdown 使用指南,"# Markdown 指南

支持**粗体**、*斜体*等格式。

## 标题

使用 # 号表示标题级别。

## 列表

- 无序列表项1
- 无序列表项2

## 代码

```js
console.log('Hello World')
```",2026-01-02 10:00:00
3,1,admin,测试,"# 标题1

## 标题2

```cpp
#include <iostream>

int main()
{
    std::cout << ""Hello World."" << std::endl;
    return 0;
}

```

",2026-03-14 15:19:07
4,1,admin,测试,测试内容,2026-03-14 16:24:47
5,1,admin,测试图片,"
![image](/data/image/189cc1fef0d5a676_6afe333d449a9796.png)
",2026-03-14 16:27:37
6,1,admin,123,asd,2026-03-14 16:30:29
